# Loss,Accuracy,Learning_Rate,R2,MAE,MSE,RMSE,MAPE
6101.3775730159,1.5833333333,0.0010000000,-10.5875387550,0.7540311692,0.6355601639,0.7972202731,0.0000000000
93.0024734557,87.4166666667,0.0010000000,0.8233727134,0.0282574776,0.0096877577,0.0984264073,0.0000000000
57.6608914187,83.0833333333,0.0010000000,0.8904923018,0.0274255749,0.0060063429,0.0775005991,0.0000000000
54.9457221056,83.4166666667,0.0010000000,0.8956488634,0.0268005788,0.0057235127,0.0756539009,0.0000000000
51.8291235095,83.2500000000,0.0010000000,0.9015678066,0.0262627159,0.0053988670,0.0734769830,0.0000000000
46.7268458080,83.6666666667,0.0010000000,0.9112578872,0.0249821394,0.0048673798,0.0697666093,0.0000000000
42.2183903042,83.7500000000,0.0010000000,0.9198202000,0.0237724894,0.0043977490,0.0663155260,0.0000000000
40.0161196108,83.6666666667,0.0010000000,0.9240026812,0.0231082890,0.0041683458,0.0645627276,0.0000000000
38.7983783660,83.8333333333,0.0010000000,0.9263153759,0.0227412682,0.0040414977,0.0635727752,0.0000000000
37.9996196659,84.0000000000,0.0010000000,0.9278323526,0.0224997438,0.0039582937,0.0629149721,0.0000000000
37.4820338568,83.9166666667,0.0010000000,0.9288153348,0.0223592479,0.0039043785,0.0624850264,0.0000000000
36.5985965929,84.1666666667,0.0010000000,0.9304931302,0.0220570098,0.0038123538,0.0617442614,0.0000000000
37.1824425833,84.6666666667,0.0010000000,0.9293843088,0.0219424521,0.0038731711,0.0622348062,0.0000000000
35.1905844617,84.5833333333,0.0010000000,0.9331671813,0.0216132921,0.0036656859,0.0605449080,0.0000000000
34.5825862326,84.3333333333,0.0010000000,0.9343218718,0.0215141928,0.0036023527,0.0600196029,0.0000000000
35.3297669761,84.2500000000,0.0010000000,0.9329028504,0.0215337606,0.0036801841,0.0606645206,0.0000000000
33.4884584463,84.5833333333,0.0010000000,0.9363998039,0.0209162314,0.0034883811,0.0590625185,0.0000000000
31.6731996913,85.1666666667,0.0010000000,0.9398472846,0.0201969266,0.0032992916,0.0574394606,0.0000000000
30.6540163707,84.5000000000,0.0010000000,0.9417828845,0.0198710712,0.0031931267,0.0565077579,0.0000000000
30.4317868714,85.6666666667,0.0010000000,0.9422049356,0.0193410243,0.0031699778,0.0563025559,0.0000000000
29.5664051367,85.0833333333,0.0010000000,0.9438484406,0.0192296723,0.0030798339,0.0554962509,0.0000000000
29.6572154542,85.5833333333,0.0010000000,0.9436759766,0.0188283732,0.0030892933,0.0555814112,0.0000000000
28.2977958978,85.2500000000,0.0010000000,0.9462577422,0.0187295655,0.0029476871,0.0542926061,0.0000000000
28.3674319810,85.0833333333,0.0010000000,0.9461254916,0.0185989661,0.0029549408,0.0543593675,0.0000000000
26.6632259585,85.2500000000,0.0010000000,0.9493620645,0.0180705926,0.0027774194,0.0527012274,0.0000000000
25.8493039622,84.9166666667,0.0010000000,0.9509078388,0.0178013696,0.0026926358,0.0518906141,0.0000000000
25.5140801604,84.9166666667,0.0010000000,0.9515444850,0.0177459003,0.0026577167,0.0515530473,0.0000000000
23.7761256660,85.2500000000,0.0010000000,0.9548451519,0.0169770391,0.0024766798,0.0497662512,0.0000000000
23.2595039018,85.5000000000,0.0010000000,0.9558263032,0.0166449403,0.0024228650,0.0492226065,0.0000000000
21.7758998603,86.0000000000,0.0010000000,0.9586439160,0.0159953330,0.0022683229,0.0476269136,0.0000000000
21.1976744596,85.6666666667,0.0010000000,0.9597420629,0.0158893885,0.0022080911,0.0469903297,0.0000000000
19.9266227440,86.2500000000,0.0010000000,0.9621560032,0.0150247188,0.0020756899,0.0455597396,0.0000000000
19.2221462083,87.0000000000,0.0010000000,0.9634939222,0.0143895963,0.0020023069,0.0447471440,0.0000000000
19.1473307464,86.5833333333,0.0010000000,0.9636360093,0.0145234950,0.0019945136,0.0446599778,0.0000000000
17.4713147174,87.0833333333,0.0010000000,0.9668190447,0.0139293677,0.0018199286,0.0426606214,0.0000000000
16.7140710983,87.0833333333,0.0010000000,0.9682571773,0.0133816311,0.0017410491,0.0417258801,0.0000000000
16.4893383698,87.5000000000,0.0010000000,0.9686839824,0.0130200216,0.0017176394,0.0414444135,0.0000000000
15.5289461572,87.8333333333,0.0010000000,0.9705079282,0.0124960457,0.0016175986,0.0402193804,0.0000000000
14.4663203639,88.1666666667,0.0010000000,0.9725260327,0.0120090450,0.0015069084,0.0388189177,0.0000000000
13.5393207694,88.1666666667,0.0010000000,0.9742865603,0.0114916810,0.0014103459,0.0375545725,0.0000000000
12.8407525307,88.9166666667,0.0010000000,0.9756132585,0.0109735672,0.0013375784,0.0365729188,0.0000000000
11.8899462571,89.0000000000,0.0010000000,0.9774189990,0.0104726654,0.0012385361,0.0351928412,0.0000000000
10.9645564770,89.1666666667,0.0010000000,0.9791764693,0.0099703937,0.0011421413,0.0337955811,0.0000000000
11.2076842467,89.2500000000,0.0010000000,0.9787147289,0.0097547528,0.0011674671,0.0341682178,0.0000000000
11.3581944461,88.2500000000,0.0010000000,0.9784288848,0.0103442324,0.0011831453,0.0343968786,0.0000000000
9.3764002890,89.0000000000,0.0010000000,0.9821926441,0.0091993430,0.0009767084,0.0312523337,0.0000000000
7.2465411075,90.6666666667,0.0010000000,0.9862376037,0.0075082674,0.0007548480,0.0274744978,0.0000000000
7.1380232404,90.5833333333,0.0010000000,0.9864436974,0.0076289144,0.0007435441,0.0272680048,0.0000000000
6.0881265468,89.5833333333,0.0010000000,0.9884376272,0.0071269833,0.0006341798,0.0251829277,0.0000000000
6.2369865569,89.5833333333,0.0010000000,0.9881549171,0.0072662276,0.0006496861,0.0254889407,0.0000000000
4.1036807467,91.0833333333,0.0010000000,0.9922064224,0.0057440870,0.0004274667,0.0206752689,0.0000000000
2.7550182676,92.3333333333,0.0010000000,0.9947677585,0.0045041575,0.0002869811,0.0169405156,0.0000000000
3.0499938908,91.5000000000,0.0010000000,0.9942075503,0.0050514256,0.0003177077,0.0178243568,0.0000000000
1.8775804900,93.2500000000,0.0010000000,0.9964341599,0.0036691322,0.0001955813,0.0139850385,0.0000000000
1.5563879080,94.0000000000,0.0010000000,0.9970441585,0.0032327069,0.0001621237,0.0127327821,0.0000000000
1.6571661386,93.6666666667,0.0010000000,0.9968527637,0.0034408744,0.0001726215,0.0131385491,0.0000000000
1.7656941816,92.5833333333,0.0010000000,0.9966466508,0.0037024517,0.0001839265,0.0135619496,0.0000000000
1.1092677176,94.2500000000,0.0010000000,0.9978933147,0.0028380816,0.0001155487,0.0107493591,0.0000000000
1.0631983392,94.3333333333,0.0010000000,0.9979808081,0.0027357892,0.0001107498,0.0105237744,0.0000000000
1.2241228376,93.2500000000,0.0010000000,0.9976751855,0.0030800162,0.0001275128,0.0112921564,0.0000000000
0.8048951821,94.7500000000,0.0010000000,0.9984713691,0.0024337735,0.0000838432,0.0091565959,0.0000000000
1.1544756953,93.5833333333,0.0010000000,0.9978074571,0.0032007533,0.0001202579,0.0109662156,0.0000000000
0.9641900116,94.3333333333,0.0010000000,0.9981688415,0.0027234473,0.0001004365,0.0100217992,0.0000000000
1.5265317426,92.3333333333,0.0010000000,0.9971008603,0.0036009777,0.0001590137,0.0126100644,0.0000000000
0.9940247952,93.6666666667,0.0010000000,0.9981121803,0.0028984717,0.0001035442,0.0101756695,0.0000000000
0.5177092259,95.4166666667,0.0010000000,0.9990167834,0.0020046157,0.0000539280,0.0073435716,0.0000000000
0.5823418771,95.2500000000,0.0010000000,0.9988940352,0.0020962366,0.0000606606,0.0077884923,0.0000000000
0.7143889919,94.4166666667,0.0010000000,0.9986432556,0.0025512851,0.0000744155,0.0086264431,0.0000000000
0.3830327604,96.0000000000,0.0010000000,0.9992725566,0.0017112205,0.0000398992,0.0063165850,0.0000000000
0.4389060443,95.8333333333,0.0010000000,0.9991664439,0.0019002006,0.0000457194,0.0067616107,0.0000000000
0.3154257017,96.6666666667,0.0010000000,0.9994009537,0.0015663891,0.0000328568,0.0057320890,0.0000000000
0.2931665375,96.5833333333,0.0010000000,0.9994432276,0.0015479661,0.0000305382,0.0055261362,0.0000000000
0.3906765808,96.1666666667,0.0010000000,0.9992580397,0.0017532961,0.0000406955,0.0063793007,0.0000000000
0.1619741402,97.7500000000,0.0010000000,0.9996923840,0.0010979466,0.0000168723,0.0041075913,0.0000000000
0.1820399745,97.7500000000,0.0010000000,0.9996542756,0.0011604764,0.0000189625,0.0043545950,0.0000000000
0.1205823872,97.5833333333,0.0010000000,0.9997709938,0.0009276732,0.0000125607,0.0035441029,0.0000000000
0.5011258905,95.2500000000,0.0010000000,0.9990482779,0.0020803192,0.0000522006,0.0072249992,0.0000000000
2.8189778548,90.5833333333,0.0010000000,0.9946462885,0.0051377286,0.0002936435,0.0171360301,0.0000000000
0.0805923771,98.1666666667,0.0010000000,0.9998469416,0.0006737508,0.0000083950,0.0028974194,0.0000000000
0.1024054897,98.0000000000,0.0010000000,0.9998055148,0.0007984551,0.0000106672,0.0032660739,0.0000000000
0.2423893673,97.1666666667,0.0010000000,0.9995396620,0.0015042896,0.0000252489,0.0050248276,0.0000000000
0.3362808346,96.3333333333,0.0010000000,0.9993613463,0.0017168986,0.0000350293,0.0059185516,0.0000000000
0.0744072679,98.0000000000,0.0010000000,0.9998586881,0.0006330289,0.0000077508,0.0027840182,0.0000000000
0.0638481062,98.1666666667,0.0010000000,0.9998787417,0.0005765905,0.0000066508,0.0025789231,0.0000000000
0.1808586804,97.3333333333,0.0010000000,0.9996565190,0.0012572499,0.0000188394,0.0043404431,0.0000000000
0.4071722778,96.6666666667,0.0010000000,0.9992267116,0.0021088208,0.0000424138,0.0065125862,0.0000000000
0.2120902810,97.0000000000,0.0010000000,0.9995972050,0.0013164556,0.0000220927,0.0047002912,0.0000000000
0.5664762714,94.9166666667,0.0010000000,0.9989241666,0.0024298994,0.0000590079,0.0076816629,0.0000000000
0.0663392657,98.0833333333,0.0010000000,0.9998740106,0.0006378975,0.0000069103,0.0026287526,0.0000000000
0.0518514230,98.1666666667,0.0010000000,0.9999015255,0.0004937253,0.0000054012,0.0023240460,0.0000000000
0.0486403857,98.1666666667,0.0010000000,0.9999076238,0.0004591002,0.0000050667,0.0022509347,0.0000000000
0.0465684454,98.2500000000,0.0010000000,0.9999115587,0.0004353018,0.0000048509,0.0022024713,0.0000000000
0.0447891225,98.2500000000,0.0010000000,0.9999149379,0.0004179042,0.0000046655,0.0021599846,0.0000000000
0.0601111607,97.9166666667,0.0010000000,0.9998858388,0.0006373723,0.0000062616,0.0025023148,0.0000000000
0.2577707554,97.4166666667,0.0010000000,0.9995104501,0.0016063175,0.0000268511,0.0051818067,0.0000000000
0.0794956079,97.7500000000,0.0010000000,0.9998490245,0.0007995103,0.0000082808,0.0028776366,0.0000000000
0.0512871711,98.0000000000,0.0010000000,0.9999025971,0.0005402279,0.0000053424,0.0023113662,0.0000000000
0.0766496113,97.8333333333,0.0010000000,0.9998544295,0.0007841775,0.0000079843,0.0028256565,0.0000000000
0.1025622656,97.8333333333,0.0010000000,0.9998052171,0.0009736810,0.0000106836,0.0032685730,0.0000000000
0.1284499911,97.5833333333,0.0010000000,0.9997560519,0.0010386034,0.0000133802,0.0036578966,0.0000000000
0.0470263358,98.0833333333,0.0010000000,0.9999106891,0.0005290463,0.0000048986,0.0022132728,0.0000000000
0.3078929551,96.2500000000,0.0010000000,0.9994152597,0.0016519270,0.0000320722,0.0056632308,0.0000000000
0.0346775194,98.2500000000,0.0010000000,0.9999341416,0.0003529918,0.0000036122,0.0019005898,0.0000000000
0.0331394636,98.2500000000,0.0010000000,0.9999370626,0.0003247647,0.0000034520,0.0018579633,0.0000000000
0.0321565204,98.2500000000,0.0010000000,0.9999389294,0.0003102985,0.0000033496,0.0018302015,0.0000000000
0.0466391632,98.0833333333,0.0010000000,0.9999114244,0.0005626844,0.0000048582,0.0022041430,0.0000000000
0.0306988636,98.3333333333,0.0010000000,0.9999416977,0.0002971897,0.0000031978,0.0017882389,0.0000000000
0.0311782930,98.2500000000,0.0010000000,0.9999407872,0.0003306307,0.0000032477,0.0018021484,0.0000000000
0.0300453485,98.3333333333,0.0010000000,0.9999429388,0.0003040704,0.0000031297,0.0017691025,0.0000000000
0.1831874655,97.9166666667,0.0010000000,0.9996520963,0.0012385561,0.0000190820,0.0043682980,0.0000000000
0.0282313760,98.3333333333,0.0010000000,0.9999463839,0.0002666810,0.0000029408,0.0017148669,0.0000000000
0.0547882910,98.0833333333,0.0010000000,0.9998959479,0.0006324998,0.0000057071,0.0023889566,0.0000000000
0.0272872877,98.4166666667,0.0010000000,0.9999481769,0.0002575226,0.0000028424,0.0016859495,0.0000000000
0.0266242717,98.3333333333,0.0010000000,0.9999494360,0.0002476362,0.0000027734,0.0016653413,0.0000000000
0.0273269506,98.3333333333,0.0010000000,0.9999481015,0.0002864443,0.0000028466,0.0016871744,0.0000000000
0.0296854600,98.1666666667,0.0010000000,0.9999436223,0.0003749396,0.0000030922,0.0017584753,0.0000000000
0.0308222911,98.3333333333,0.0010000000,0.9999414633,0.0003652757,0.0000032107,0.0017918302,0.0000000000
0.0260177070,98.4166666667,0.0010000000,0.9999505880,0.0002643118,0.0000027102,0.0016462618,0.0000000000
0.0251285324,98.4166666667,0.0010000000,0.9999522767,0.0002411203,0.0000026176,0.0016178861,0.0000000000
0.0246127942,98.5000000000,0.0010000000,0.9999532562,0.0002275075,0.0000025638,0.0016011973,0.0000000000
0.0242024846,98.5000000000,0.0010000000,0.9999540354,0.0002186959,0.0000025211,0.0015877947,0.0000000000
0.0245684032,98.5000000000,0.0010000000,0.9999533405,0.0002415177,0.0000025592,0.0015997527,0.0000000000
0.0237260412,98.5000000000,0.0010000000,0.9999549403,0.0002123072,0.0000024715,0.0015720886,0.0000000000
0.0327309331,98.3333333333,0.0010000000,0.9999378385,0.0004143082,0.0000034095,0.0018464756,0.0000000000
0.0231834573,98.5000000000,0.0010000000,0.9999559707,0.0002079562,0.0000024149,0.0015540088,0.0000000000
0.0405565244,97.8333333333,0.0010000000,0.9999229764,0.0005380218,0.0000042246,0.0020553924,0.0000000000
0.0866415952,97.5833333333,0.0010000000,0.9998354531,0.0009147624,0.0000090252,0.0030041914,0.0000000000
0.0225220895,98.5000000000,0.0010000000,0.9999572268,0.0002155353,0.0000023461,0.0015316824,0.0000000000
2.0980640901,91.6666666667,0.0010000000,0.9960154246,0.0041672757,0.0002185483,0.0147833806,0.0000000000
0.0238103023,98.4166666667,0.0010000000,0.9999547802,0.0002746860,0.0000024802,0.0015748777,0.0000000000
0.0222916820,98.5000000000,0.0010000000,0.9999576644,0.0002323670,0.0000023221,0.0015238275,0.0000000000
0.0217004822,98.5000000000,0.0010000000,0.9999587871,0.0002148893,0.0000022605,0.0015034849,0.0000000000
0.0213022895,98.5000000000,0.0010000000,0.9999595434,0.0002045282,0.0000022190,0.0014896270,0.0000000000
0.0209761000,98.5000000000,0.0010000000,0.9999601629,0.0001971831,0.0000021850,0.0014781781,0.0000000000
0.0230296509,98.4166666667,0.0010000000,0.9999562628,0.0002817822,0.0000023989,0.0015488454,0.0000000000
0.0205044823,98.5000000000,0.0010000000,0.9999610586,0.0001910020,0.0000021359,0.0014614662,0.0000000000
0.5752349608,93.6666666667,0.0010000000,0.9989075324,0.0024326693,0.0000599203,0.0077408209,0.0000000000
0.0200416964,98.5000000000,0.0010000000,0.9999619375,0.0001865715,0.0000020877,0.0014448795,0.0000000000
0.7888315400,92.5833333333,0.0010000000,0.9985018767,0.0028095528,0.0000821700,0.0090647643,0.0000000000
0.0197267575,98.5000000000,0.0010000000,0.9999625356,0.0001999584,0.0000020549,0.0014334820,0.0000000000
0.0218852507,98.3333333333,0.0010000000,0.9999584362,0.0002897878,0.0000022797,0.0015098721,0.0000000000
0.0192164457,98.5000000000,0.0010000000,0.9999635047,0.0001819349,0.0000020017,0.0014148191,0.0000000000
0.0189321199,98.5000000000,0.0010000000,0.9999640447,0.0001728335,0.0000019721,0.0014043133,0.0000000000
0.0246888713,98.3333333333,0.0010000000,0.9999531117,0.0003409409,0.0000025718,0.0016036700,0.0000000000
0.0187388449,98.5000000000,0.0010000000,0.9999644118,0.0001764983,0.0000019520,0.0013971267,0.0000000000
0.0184667502,98.5000000000,0.0010000000,0.9999649285,0.0001695309,0.0000019236,0.0013869462,0.0000000000
0.2375959448,97.4166666667,0.0010000000,0.9995487655,0.0015867254,0.0000247496,0.0049748947,0.0000000000
0.0181297848,98.5000000000,0.0010000000,0.9999655685,0.0001752133,0.0000018885,0.0013742341,0.0000000000
0.0178456495,98.5000000000,0.0010000000,0.9999661081,0.0001639054,0.0000018589,0.0013634228,0.0000000000
0.0273627910,98.1666666667,0.0010000000,0.9999480335,0.0004043584,0.0000028503,0.0016882804,0.0000000000
0.0185639717,98.5000000000,0.0010000000,0.9999647439,0.0002113615,0.0000019337,0.0013905923,0.0000000000
0.0176918891,98.5000000000,0.0010000000,0.9999664001,0.0001693767,0.0000018429,0.0013575364,0.0000000000
0.0174331249,98.5833333333,0.0010000000,0.9999668916,0.0001620046,0.0000018160,0.0013475721,0.0000000000
0.1682204655,97.8333333333,0.0010000000,0.9996805211,0.0012304038,0.0000175230,0.0041860441,0.0000000000
0.0171867184,98.5833333333,0.0010000000,0.9999673595,0.0001663828,0.0000017903,0.0013380146,0.0000000000
0.0169222889,98.5833333333,0.0010000000,0.9999678617,0.0001576646,0.0000017627,0.0013276816,0.0000000000
0.0167084557,98.5833333333,0.0010000000,0.9999682678,0.0001533824,0.0000017405,0.0013192665,0.0000000000
0.0835748358,97.8333333333,0.0010000000,0.9998412774,0.0007902510,0.0000087057,0.0029505444,0.0000000000
0.0190171224,98.4166666667,0.0010000000,0.9999638833,0.0002480723,0.0000019810,0.0014074623,0.0000000000
0.0174195343,98.4166666667,0.0010000000,0.9999669174,0.0001995446,0.0000018145,0.0013470467,0.0000000000
0.0168765260,98.5000000000,0.0010000000,0.9999679486,0.0001795081,0.0000017580,0.0013258852,0.0000000000
0.0165712749,98.5000000000,0.0010000000,0.9999685284,0.0001679641,0.0000017262,0.0013138396,0.0000000000
0.0163407353,98.5833333333,0.0010000000,0.9999689662,0.0001601052,0.0000017022,0.0013046685,0.0000000000
0.0161417872,98.5833333333,0.0010000000,0.9999693440,0.0001543064,0.0000016814,0.0012967020,0.0000000000
0.0159600301,98.5833333333,0.0010000000,0.9999696892,0.0001498732,0.0000016625,0.0012893809,0.0000000000
1.5958048691,91.1666666667,0.0010000000,0.9969692991,0.0038972810,0.0001662297,0.0128930087,0.0000000000
0.0108776279,98.6666666667,0.0010000000,0.9999793416,0.0001363980,0.0000011331,0.0010644652,0.0000000000
0.0106307623,98.6666666667,0.0010000000,0.9999798104,0.0001236175,0.0000011074,0.0010523170,0.0000000000
0.1474047434,97.7500000000,0.0010000000,0.9997200537,0.0012247778,0.0000153547,0.0039185024,0.0000000000
0.0096106924,98.9166666667,0.0010000000,0.9999817477,0.0001156200,0.0000010011,0.0010005567,0.0000000000
0.0101117947,98.7500000000,0.0010000000,0.9999807960,0.0001642288,0.0000010533,0.0010263099,0.0000000000
0.0717252544,97.7500000000,0.0010000000,0.9998637817,0.0008448659,0.0000074714,0.0027333826,0.0000000000
3.3537417665,91.2500000000,0.0010000000,0.9936306822,0.0050868493,0.0003493481,0.0186908561,0.0000000000
0.0115693109,98.7500000000,0.0010000000,0.9999780279,0.0001794988,0.0000012051,0.0010977871,0.0000000000
0.0106272533,98.8333333333,0.0010000000,0.9999798171,0.0001389980,0.0000011070,0.0010521433,0.0000000000
0.0103679005,98.8333333333,0.0010000000,0.9999803096,0.0001269494,0.0000010800,0.0010392255,0.0000000000
0.0101952589,98.8333333333,0.0010000000,0.9999806375,0.0001210448,0.0000010620,0.0010305368,0.0000000000
0.0100507683,98.8333333333,0.0010000000,0.9999809119,0.0001168032,0.0000010470,0.0010232082,0.0000000000
0.2300311643,97.3333333333,0.0010000000,0.9995631323,0.0015469133,0.0000239616,0.0048950567,0.0000000000
0.0099271826,98.8333333333,0.0010000000,0.9999811466,0.0001176403,0.0000010341,0.0010168980,0.0000000000
0.0097739904,98.9166666667,0.0010000000,0.9999814376,0.0001100396,0.0000010181,0.0010090213,0.0000000000
0.0096647125,98.9166666667,0.0010000000,0.9999816451,0.0001066877,0.0000010067,0.0010033648,0.0000000000
0.0145267596,98.4166666667,0.0010000000,0.9999724112,0.0003011037,0.0000015132,0.0012301236,0.0000000000
0.0095830754,98.9166666667,0.0010000000,0.9999818001,0.0001160050,0.0000009982,0.0009991181,0.0000000000
0.0094264378,98.9166666667,0.0010000000,0.9999820976,0.0001004795,0.0000009819,0.0009909191,0.0000000000
0.1506833483,97.7500000000,0.0010000000,0.9997138271,0.0012143829,0.0000156962,0.0039618407,0.0000000000
0.0092898514,98.9166666667,0.0010000000,0.9999823570,0.0000981655,0.0000009677,0.0009837138,0.0000000000
0.0488786670,98.2500000000,0.0010000000,0.9999071712,0.0006090469,0.0000050915,0.0022564414,0.0000000000
0.2038829189,97.7500000000,0.0010000000,0.9996127922,0.0013730899,0.0000212378,0.0046084492,0.0000000000
0.0209408442,98.5833333333,0.0010000000,0.9999602298,0.0003765562,0.0000021813,0.0014769353,0.0000000000
0.0088069057,98.9166666667,0.0010000000,0.9999832742,0.0001395205,0.0000009174,0.0009578027,0.0000000000
0.0100864877,98.9166666667,0.0010000000,0.9999808441,0.0001893061,0.0000010507,0.0010250248,0.0000000000
0.0285765827,98.3333333333,0.0010000000,0.9999457283,0.0004687138,0.0000029767,0.0017253195,0.0000000000
0.0084850177,98.8333333333,0.0010000000,0.9999838855,0.0001228178,0.0000008839,0.0009401362,0.0000000000
0.0998509166,97.5833333333,0.0010000000,0.9998103664,0.0010351859,0.0000104011,0.0032250794,0.0000000000
0.0102110948,98.5833333333,0.0010000000,0.9999806074,0.0002042226,0.0000010637,0.0010313369,0.0000000000
0.0089958455,98.9166666667,0.0010000000,0.9999829154,0.0001063994,0.0000009371,0.0009680223,0.0000000000
0.5121727062,94.5000000000,0.0010000000,0.9990272982,0.0023888499,0.0000533513,0.0073041990,0.0000000000
0.0092641751,99.0000000000,0.0010000000,0.9999824058,0.0001315830,0.0000009650,0.0009823534,0.0000000000
0.0088262220,99.0000000000,0.0010000000,0.9999832375,0.0000906887,0.0000009194,0.0009588525,0.0000000000
0.0087770479,99.0000000000,0.0010000000,0.9999833309,0.0000837937,0.0000009143,0.0009561777,0.0000000000
0.0087501720,99.0000000000,0.0010000000,0.9999833820,0.0000806501,0.0000009115,0.0009547127,0.0000000000
0.0096937161,98.8333333333,0.0010000000,0.9999815900,0.0001767047,0.0000010098,0.0010048692,0.0000000000
0.0080400354,99.0000000000,0.0010000000,0.9999847306,0.0000819695,0.0000008375,0.0009151523,0.0000000000
0.0079763106,99.0000000000,0.0010000000,0.9999848516,0.0000753781,0.0000008309,0.0009115183,0.0000000000
0.0079422207,99.0833333333,0.0010000000,0.9999849164,0.0000719983,0.0000008273,0.0009095684,0.0000000000
0.0079185697,99.0833333333,0.0010000000,0.9999849613,0.0000698042,0.0000008249,0.0009082131,0.0000000000
0.0275844556,98.3333333333,0.0010000000,0.9999476125,0.0004182465,0.0000028734,0.0016951050,0.0000000000
0.0094020751,99.0833333333,0.0010000000,0.9999821439,0.0001327824,0.0000009794,0.0009896377,0.0000000000
0.0089393421,99.0833333333,0.0010000000,0.9999830227,0.0001053455,0.0000009312,0.0009649774,0.0000000000
0.0087843510,99.0833333333,0.0010000000,0.9999833170,0.0000954237,0.0000009150,0.0009565754,0.0000000000
0.0086956528,99.0833333333,0.0010000000,0.9999834855,0.0000897017,0.0000009058,0.0009517338,0.0000000000
0.0086350568,99.0833333333,0.0010000000,0.9999836006,0.0000852187,0.0000008995,0.0009484119,0.0000000000
0.0088557869,99.0000000000,0.0010000000,0.9999831814,0.0001098986,0.0000009225,0.0009604571,0.0000000000
0.0088127395,98.9166666667,0.0010000000,0.9999832631,0.0001169448,0.0000009180,0.0009581199,0.0000000000
0.0094318029,98.8333333333,0.0010000000,0.9999820874,0.0001580263,0.0000009825,0.0009912010,0.0000000000
0.0103767836,98.6666666667,0.0010000000,0.9999802927,0.0002001595,0.0000010809,0.0010396706,0.0000000000
0.0087938221,99.0000000000,0.0010000000,0.9999832991,0.0000957292,0.0000009160,0.0009570910,0.0000000000
0.0651742355,97.6666666667,0.0010000000,0.9998762232,0.0008348966,0.0000067890,0.0026055677,0.0000000000
0.0087912171,99.0000000000,0.0010000000,0.9999833040,0.0000989853,0.0000009158,0.0009569492,0.0000000000
0.0086749808,99.0000000000,0.0010000000,0.9999835248,0.0000764163,0.0000009036,0.0009506018,0.0000000000
0.0087595126,99.0000000000,0.0010000000,0.9999833642,0.0000939737,0.0000009124,0.0009552221,0.0000000000
2.6720379306,91.0833333333,0.0010000000,0.9949253521,0.0047508338,0.0002783373,0.0166834434,0.0000000000
0.0098870279,99.0000000000,0.0010000000,0.9999812229,0.0001580506,0.0000010299,0.0010148393,0.0000000000
0.0089269043,99.0000000000,0.0010000000,0.9999830463,0.0001062774,0.0000009299,0.0009643059,0.0000000000
0.0087608255,99.0000000000,0.0010000000,0.9999833617,0.0000906161,0.0000009126,0.0009552937,0.0000000000
0.0087065213,99.0000000000,0.0010000000,0.9999834649,0.0000827360,0.0000009069,0.0009523284,0.0000000000
0.0086810837,99.0000000000,0.0010000000,0.9999835132,0.0000784337,0.0000009043,0.0009509361,0.0000000000
0.0086657451,99.0000000000,0.0010000000,0.9999835423,0.0000757425,0.0000009027,0.0009500957,0.0000000000
0.0099553506,98.9166666667,0.0010000000,0.9999810931,0.0001704885,0.0000010370,0.0010183397,0.0000000000
0.0086738876,99.0000000000,0.0010000000,0.9999835268,0.0000779790,0.0000009035,0.0009505419,0.0000000000
0.0086561264,99.0000000000,0.0010000000,0.9999835606,0.0000748438,0.0000009017,0.0009495682,0.0000000000
0.0086462225,99.0000000000,0.0010000000,0.9999835794,0.0000728477,0.0000009006,0.0009490249,0.0000000000
0.0579502003,98.0833333333,0.0010000000,0.9998899429,0.0007082103,0.0000060365,0.0024569247,0.0000000000
0.0086408462,99.0000000000,0.0010000000,0.9999835896,0.0000746895,0.0000009001,0.0009487298,0.0000000000
0.0094448170,99.0000000000,0.0010000000,0.9999820627,0.0001445942,0.0000009838,0.0009918846,0.0000000000
0.0086348223,99.0000000000,0.0010000000,0.9999836010,0.0000725626,0.0000008995,0.0009483990,0.0000000000
0.0397204062,97.6666666667,0.0010000000,0.9999245643,0.0006423487,0.0000041375,0.0020340950,0.0000000000
0.0086329684,99.0000000000,0.0010000000,0.9999836045,0.0000728558,0.0000008993,0.0009482972,0.0000000000
0.0098437851,98.7500000000,0.0010000000,0.9999813050,0.0001705767,0.0000010254,0.0010126175,0.0000000000
0.3481421603,96.3333333333,0.0010000000,0.9993388197,0.0017212994,0.0000362648,0.0060220269,0.0000000000
0.0089034009,99.0000000000,0.0010000000,0.9999830909,0.0001083539,0.0000009274,0.0009630356,0.0000000000
0.0086734008,99.0000000000,0.0010000000,0.9999835278,0.0000803677,0.0000009035,0.0009505153,0.0000000000
0.0086458445,99.0000000000,0.0010000000,0.9999835801,0.0000753055,0.0000009006,0.0009490041,0.0000000000
0.0148034328,98.3333333333,0.0010000000,0.9999718858,0.0002950007,0.0000015420,0.0012417827,0.0000000000
0.0086328634,99.0000000000,0.0010000000,0.9999836047,0.0000724430,0.0000008993,0.0009482914,0.0000000000
0.0095278715,98.8333333333,0.0010000000,0.9999819050,0.0001624467,0.0000009925,0.0009962362,0.0000000000
0.0086968888,99.0000000000,0.0010000000,0.9999834832,0.0000910764,0.0000009059,0.0009518014,0.0000000000
1.1194734556,93.3333333333,0.0010000000,0.9978739323,0.0031184620,0.0001166118,0.0107986952,0.0000000000
0.0087502042,99.0000000000,0.0010000000,0.9999833819,0.0000966999,0.0000009115,0.0009547144,0.0000000000
0.0086352522,99.0000000000,0.0010000000,0.9999836002,0.0000740492,0.0000008995,0.0009484226,0.0000000000
0.0417110715,97.8333333333,0.0010000000,0.9999207837,0.0006457747,0.0000043449,0.0020844432,0.0000000000
0.0086294895,99.0000000000,0.0010000000,0.9999836112,0.0000711475,0.0000008989,0.0009481061,0.0000000000
0.0086240553,99.0000000000,0.0010000000,0.9999836215,0.0000692048,0.0000008983,0.0009478075,0.0000000000
0.0115673984,98.8333333333,0.0010000000,0.9999780316,0.0002170968,0.0000012049,0.0010976964,0.0000000000
0.0086277041,99.0000000000,0.0010000000,0.9999836145,0.0000712664,0.0000008987,0.0009480080,0.0000000000
0.1447407665,97.7500000000,0.0010000000,0.9997251130,0.0012235575,0.0000150772,0.0038829323,0.0000000000
0.0078379570,99.0833333333,0.0010000000,0.9999851144,0.0000679978,0.0000008165,0.0009035784,0.0000000000
0.0110630853,98.5833333333,0.0010000000,0.9999789893,0.0002432829,0.0000011524,0.0010735011,0.0000000000
0.0845013262,97.6666666667,0.0010000000,0.9998395178,0.0009257411,0.0000088022,0.0029668538,0.0000000000
0.0124571893,99.0000000000,0.0010000000,0.9999763417,0.0002442317,0.0000012976,0.0011391330,0.0000000000
1.1091418894,91.8333333333,0.0010000000,0.9978935536,0.0033325704,0.0001155356,0.0107487494,0.0000000000
0.0078552847,99.0833333333,0.0010000000,0.9999850815,0.0000711353,0.0000008183,0.0009045766,0.0000000000
0.0081733117,99.0000000000,0.0010000000,0.9999844775,0.0001166398,0.0000008514,0.0009227061,0.0000000000
0.0087916129,99.0000000000,0.0010000000,0.9999833033,0.0001035047,0.0000009158,0.0009569707,0.0000000000
0.0086287728,99.0000000000,0.0010000000,0.9999836125,0.0000734400,0.0000008988,0.0009480667,0.0000000000
0.0080710608,99.0833333333,0.0010000000,0.9999846717,0.0001005807,0.0000008407,0.0009169163,0.0000000000
12.8602988319,88.7500000000,0.0010000000,0.9755761368,0.0096030996,0.0013396145,0.0366007440,0.0000000000
0.0097123840,98.9166666667,0.0010000000,0.9999815546,0.0001490135,0.0000010117,0.0010058363,0.0000000000
0.0087924375,99.0000000000,0.0010000000,0.9999833017,0.0000954788,0.0000009159,0.0009570156,0.0000000000
0.0086766237,99.0000000000,0.0010000000,0.9999835216,0.0000818015,0.0000009038,0.0009506918,0.0000000000
0.0086450060,99.0000000000,0.0010000000,0.9999835817,0.0000758890,0.0000009005,0.0009489581,0.0000000000
0.0086327587,99.0000000000,0.0010000000,0.9999836049,0.0000724918,0.0000008992,0.0009482857,0.0000000000
0.0477110217,97.9166666667,0.0010000000,0.9999093888,0.0006208350,0.0000049699,0.0022293268,0.0000000000
0.0086499894,99.0000000000,0.0010000000,0.9999835722,0.0000767180,0.0000009010,0.0009492316,0.0000000000
0.0086305335,99.0000000000,0.0010000000,0.9999836092,0.0000712747,0.0000008990,0.0009481634,0.0000000000
0.0086245231,99.0000000000,0.0010000000,0.9999836206,0.0000691559,0.0000008984,0.0009478332,0.0000000000
0.0086218074,99.0000000000,0.0010000000,0.9999836257,0.0000678345,0.0000008981,0.0009476840,0.0000000000
0.6369469455,93.1666666667,0.0010000000,0.9987903310,0.0025157155,0.0000663486,0.0081454675,0.0000000000
0.0086423160,99.0000000000,0.0010000000,0.9999835868,0.0000771704,0.0000009002,0.0009488104,0.0000000000
0.0086223257,99.0000000000,0.0010000000,0.9999836248,0.0000686480,0.0000008982,0.0009477125,0.0000000000
0.0111508956,98.8333333333,0.0010000000,0.9999788226,0.0002067742,0.0000011616,0.0010777530,0.0000000000
0.0086940801,99.0000000000,0.0010000000,0.9999834885,0.0000833149,0.0000009056,0.0009516477,0.0000000000
0.0086444666,99.0000000000,0.0010000000,0.9999835827,0.0000754567,0.0000009005,0.0009489285,0.0000000000
0.0086283259,99.0000000000,0.0010000000,0.9999836134,0.0000711654,0.0000008988,0.0009480422,0.0000000000
0.0086238101,99.0000000000,0.0010000000,0.9999836219,0.0000705477,0.0000008983,0.0009477940,0.0000000000
0.0090549111,99.0000000000,0.0010000000,0.9999828032,0.0001302663,0.0000009432,0.0009711951,0.0000000000
0.0086221902,99.0000000000,0.0010000000,0.9999836250,0.0000685403,0.0000008981,0.0009477050,0.0000000000
0.0086199535,99.0000000000,0.0010000000,0.9999836293,0.0000670189,0.0000008979,0.0009475821,0.0000000000
0.0112357926,98.8333333333,0.0010000000,0.9999786613,0.0002266268,0.0000011704,0.0010818480,0.0000000000
0.0086218277,99.0000000000,0.0010000000,0.9999836257,0.0000689441,0.0000008981,0.0009476851,0.0000000000
0.0712007128,97.7500000000,0.0010000000,0.9998647779,0.0007988552,0.0000074167,0.0027233694,0.0000000000
0.0078353900,99.0833333333,0.0010000000,0.9999851193,0.0000666529,0.0000008162,0.0009034304,0.0000000000
0.0232012958,98.0833333333,0.0010000000,0.9999559369,0.0004503764,0.0000024168,0.0015546066,0.0000000000
0.3195401188,97.0000000000,0.0010000000,0.9993931398,0.0018771105,0.0000332854,0.0057693526,0.0000000000
0.0104237803,98.5833333333,0.0010000000,0.9999802035,0.0002205635,0.0000010858,0.0010420223,0.0000000000
0.0078473598,99.0833333333,0.0010000000,0.9999850965,0.0000715096,0.0000008174,0.0009041202,0.0000000000
0.0087039603,98.9166666667,0.0010000000,0.9999834697,0.0001516615,0.0000009067,0.0009521883,0.0000000000
0.0880400808,98.5000000000,0.0010000000,0.9998327971,0.0008192804,0.0000091708,0.0030283398,0.0000000000
0.3093818429,97.2500000000,0.0010000000,0.9994124320,0.0018148816,0.0000322273,0.0056769072,0.0000000000
0.0319129084,97.8333333333,0.0010000000,0.9999393920,0.0005409274,0.0000033243,0.0018232557,0.0000000000
0.0405567706,97.7500000000,0.0010000000,0.9999229759,0.0006317998,0.0000042247,0.0020553986,0.0000000000
0.0078937527,99.0833333333,0.0010000000,0.9999850084,0.0000827618,0.0000008223,0.0009067888,0.0000000000
0.0089264778,98.9166666667,0.0010000000,0.9999830471,0.0001519007,0.0000009298,0.0009642829,0.0000000000
0.0081877999,99.0000000000,0.0010000000,0.9999844500,0.0001133596,0.0000008529,0.0009235236,0.0000000000
0.0258529417,98.5000000000,0.0010000000,0.9999509009,0.0004599327,0.0000026930,0.0016410408,0.0000000000
0.3186984130,96.5833333333,0.0010000000,0.9993947383,0.0016041867,0.0000331978,0.0057617490,0.0000000000
0.0093342207,99.0000000000,0.0010000000,0.9999822728,0.0001245522,0.0000009723,0.0009860602,0.0000000000
0.0088078408,99.0000000000,0.0010000000,0.9999832724,0.0000950603,0.0000009175,0.0009578535,0.0000000000
0.0087009043,99.0000000000,0.0010000000,0.9999834755,0.0000840732,0.0000009063,0.0009520211,0.0000000000
0.0086616076,99.0000000000,0.0010000000,0.9999835502,0.0000779800,0.0000009023,0.0009498688,0.0000000000
0.0086432665,99.0000000000,0.0010000000,0.9999835850,0.0000742101,0.0000009003,0.0009488626,0.0000000000
0.0086336620,99.0000000000,0.0010000000,0.9999836032,0.0000717332,0.0000008993,0.0009483353,0.0000000000
0.0144632512,98.5833333333,0.0010000000,0.9999725319,0.0002731564,0.0000015066,0.0012274317,0.0000000000
0.0086313576,99.0000000000,0.0010000000,0.9999836076,0.0000723000,0.0000008991,0.0009482087,0.0000000000
0.0086234008,99.0000000000,0.0010000000,0.9999836227,0.0000686483,0.0000008983,0.0009477716,0.0000000000
0.0086211508,99.0000000000,0.0010000000,0.9999836270,0.0000674171,0.0000008980,0.0009476479,0.0000000000
0.0086200673,99.0000000000,0.0010000000,0.9999836290,0.0000666979,0.0000008979,0.0009475884,0.0000000000
0.0086204728,99.0000000000,0.0010000000,0.9999836283,0.0000685712,0.0000008980,0.0009476106,0.0000000000
0.0087613141,99.0000000000,0.0010000000,0.9999833608,0.0000992445,0.0000009126,0.0009553203,0.0000000000
0.0086222958,99.0000000000,0.0010000000,0.9999836248,0.0000684541,0.0000008982,0.0009477108,0.0000000000
0.0086199109,99.0000000000,0.0010000000,0.9999836293,0.0000669237,0.0000008979,0.0009475798,0.0000000000
0.0086191089,99.0000000000,0.0010000000,0.9999836309,0.0000661150,0.0000008978,0.0009475357,0.0000000000
0.0936160619,98.0000000000,0.0010000000,0.9998222074,0.0008589310,0.0000097517,0.0031227669,0.0000000000
0.1026479403,97.6666666667,0.0010000000,0.9998050544,0.0010212701,0.0000106925,0.0032699379,0.0000000000
0.0086386151,99.0000000000,0.0010000000,0.9999835938,0.0000775775,0.0000008999,0.0009486073,0.0000000000
0.0331993206,97.8333333333,0.0010000000,0.9999369489,0.0005620763,0.0000034583,0.0018596404,0.0000000000
0.0086914766,99.0000000000,0.0010000000,0.9999834934,0.0000892663,0.0000009054,0.0009515052,0.0000000000
0.0087158000,99.0000000000,0.0010000000,0.9999834472,0.0000965233,0.0000009079,0.0009528357,0.0000000000
0.0087078366,99.0000000000,0.0010000000,0.9999834624,0.0000941039,0.0000009071,0.0009524003,0.0000000000
0.2177023086,97.5000000000,0.0010000000,0.9995865468,0.0015378693,0.0000226773,0.0047620714,0.0000000000
0.0078752654,99.0833333333,0.0010000000,0.9999850436,0.0000777094,0.0000008203,0.0009057263,0.0000000000
0.0223142867,98.2500000000,0.0010000000,0.9999576214,0.0004385664,0.0000023244,0.0015245999,0.0000000000
0.1960447760,97.5833333333,0.0010000000,0.9996276781,0.0014652047,0.0000204213,0.0045189967,0.0000000000
0.0078352992,99.0833333333,0.0010000000,0.9999851195,0.0000682064,0.0000008162,0.0009034252,0.0000000000
0.0081881816,99.0833333333,0.0010000000,0.9999844493,0.0001077376,0.0000008529,0.0009235451,0.0000000000
0.0254792716,98.5833333333,0.0010000000,0.9999516106,0.0004126957,0.0000026541,0.0016291381,0.0000000000
0.0078234864,99.0833333333,0.0010000000,0.9999851419,0.0000616939,0.0000008149,0.0009027439,0.0000000000
0.1230247599,97.5833333333,0.0010000000,0.9997663554,0.0011528053,0.0000128151,0.0035798155,0.0000000000
0.0078540396,99.0833333333,0.0010000000,0.9999850839,0.0000738031,0.0000008181,0.0009045049,0.0000000000
0.2212343856,97.3333333333,0.0010000000,0.9995798388,0.0014344753,0.0000230452,0.0048005467,0.0000000000
0.0086439471,99.0000000000,0.0010000000,0.9999835837,0.0000779604,0.0000009004,0.0009489000,0.0000000000
0.0086217819,99.0000000000,0.0010000000,0.9999836258,0.0000680343,0.0000008981,0.0009476826,0.0000000000
0.0098443908,98.7500000000,0.0010000000,0.9999813039,0.0001681190,0.0000010255,0.0010126487,0.0000000000
0.0086270478,99.0000000000,0.0010000000,0.9999836158,0.0000707840,0.0000008987,0.0009479719,0.0000000000
0.0086203801,99.0000000000,0.0010000000,0.9999836285,0.0000672940,0.0000008980,0.0009476055,0.0000000000
0.0086196863,99.0000000000,0.0010000000,0.9999836298,0.0000677691,0.0000008979,0.0009475674,0.0000000000
0.0079349903,99.0000000000,0.0010000000,0.9999849301,0.0000863744,0.0000008266,0.0009091543,0.0000000000
0.0078220468,99.0833333333,0.0010000000,0.9999851446,0.0000603961,0.0000008148,0.0009026608,0.0000000000
0.0078195170,99.0833333333,0.0010000000,0.9999851494,0.0000584499,0.0000008145,0.0009025148,0.0000000000
0.0169950532,98.5833333333,0.0010000000,0.9999677235,0.0003177807,0.0000017703,0.0013305330,0.0000000000
0.0078217082,99.0833333333,0.0010000000,0.9999851453,0.0000612001,0.0000008148,0.0009026413,0.0000000000
0.0079121492,99.0833333333,0.0010000000,0.9999849735,0.0000847126,0.0000008242,0.0009078448,0.0000000000
0.3887818041,96.5833333333,0.0010000000,0.9992616382,0.0020548206,0.0000404981,0.0063638121,0.0000000000
0.0078385430,99.0833333333,0.0010000000,0.9999851133,0.0000704479,0.0000008165,0.0009036121,0.0000000000
0.1326843344,97.5833333333,0.0010000000,0.9997480102,0.0010434441,0.0000138213,0.0037176989,0.0000000000
0.0090068771,99.0000000000,0.0010000000,0.9999828944,0.0001097883,0.0000009382,0.0009686157,0.0000000000
0.0087389986,99.0000000000,0.0010000000,0.9999834032,0.0000874786,0.0000009103,0.0009541029,0.0000000000
0.0086698862,99.0000000000,0.0010000000,0.9999835344,0.0000787187,0.0000009031,0.0009503227,0.0000000000
0.0086425270,99.0000000000,0.0010000000,0.9999835864,0.0000737047,0.0000009003,0.0009488220,0.0000000000
0.0086302195,99.0000000000,0.0010000000,0.9999836098,0.0000706151,0.0000008990,0.0009481462,0.0000000000
0.0086243180,99.0000000000,0.0010000000,0.9999836210,0.0000686648,0.0000008984,0.0009478220,0.0000000000
0.0161412922,98.3333333333,0.0010000000,0.9999693450,0.0003290163,0.0000016814,0.0012966822,0.0000000000
0.0086276471,99.0000000000,0.0010000000,0.9999836147,0.0000706582,0.0000008987,0.0009480049,0.0000000000
0.0086213975,99.0000000000,0.0010000000,0.9999836265,0.0000676792,0.0000008981,0.0009476615,0.0000000000
0.0086195390,99.0000000000,0.0010000000,0.9999836301,0.0000664505,0.0000008979,0.0009475593,0.0000000000
0.0086189164,99.0000000000,0.0010000000,0.9999836312,0.0000657869,0.0000008978,0.0009475251,0.0000000000
0.0092666084,98.9166666667,0.0010000000,0.9999824012,0.0001383501,0.0000009653,0.0009824824,0.0000000000
0.0086223246,99.0000000000,0.0010000000,0.9999836248,0.0000686301,0.0000008982,0.0009477124,0.0000000000
0.0086196758,99.0000000000,0.0010000000,0.9999836298,0.0000667468,0.0000008979,0.0009475668,0.0000000000
0.0086189615,99.0000000000,0.0010000000,0.9999836311,0.0000659064,0.0000008978,0.0009475276,0.0000000000
0.0102885669,98.6666666667,0.0010000000,0.9999804603,0.0001967536,0.0000010717,0.0010352419,0.0000000000
0.0078223326,99.0833333333,0.0010000000,0.9999851441,0.0000605343,0.0000008148,0.0009026773,0.0000000000
0.0078193218,99.0833333333,0.0010000000,0.9999851498,0.0000580793,0.0000008145,0.0009025036,0.0000000000
0.2851908802,96.3333333333,0.0010000000,0.9994583747,0.0015247842,0.0000297074,0.0054504480,0.0000000000
0.0086836858,99.0000000000,0.0010000000,0.9999835082,0.0000824810,0.0000009046,0.0009510787,0.0000000000
0.0086329808,99.0000000000,0.0010000000,0.9999836045,0.0000717097,0.0000008993,0.0009482979,0.0000000000
0.0086224568,99.0000000000,0.0010000000,0.9999836245,0.0000682358,0.0000008982,0.0009477197,0.0000000000
0.0086196432,99.0000000000,0.0010000000,0.9999836299,0.0000666186,0.0000008979,0.0009475650,0.0000000000
0.0087800743,99.0000000000,0.0010000000,0.9999833252,0.0001004413,0.0000009146,0.0009563426,0.0000000000
0.0086220363,99.0000000000,0.0010000000,0.9999836253,0.0000679716,0.0000008981,0.0009476966,0.0000000000
0.0086195232,99.0000000000,0.0010000000,0.9999836301,0.0000665147,0.0000008979,0.0009475584,0.0000000000
0.0086188722,99.0000000000,0.0010000000,0.9999836313,0.0000658275,0.0000008978,0.0009475227,0.0000000000
0.0182006237,98.1666666667,0.0010000000,0.9999654340,0.0003325940,0.0000018959,0.0013769162,0.0000000000
0.0086227544,99.0000000000,0.0010000000,0.9999836239,0.0000689210,0.0000008982,0.0009477360,0.0000000000
0.0086192214,99.0000000000,0.0010000000,0.9999836307,0.0000662465,0.0000008978,0.0009475419,0.0000000000
0.0086078677,99.0000000000,0.0010000000,0.9999836522,0.0001341064,0.0000008967,0.0009469176,0.0000000000
0.0078203247,99.0833333333,0.0010000000,0.9999851479,0.0000600987,0.0000008146,0.0009025614,0.0000000000
0.0085801849,99.0000000000,0.0010000000,0.9999837048,0.0001314826,0.0000008938,0.0009453937,0.0000000000
0.0267652477,97.9166666667,0.0010000000,0.9999491683,0.0004590827,0.0000027880,0.0016697445,0.0000000000
0.0111628995,98.4166666667,0.0010000000,0.9999787998,0.0002449699,0.0000011628,0.0010783330,0.0000000000
0.0079159168,99.0833333333,0.0010000000,0.9999849663,0.0000840787,0.0000008246,0.0009080609,0.0000000000
0.0088719361,98.9166666667,0.0010000000,0.9999831507,0.0001567004,0.0000009242,0.0009613324,0.0000000000
0.0078744841,99.0833333333,0.0010000000,0.9999850450,0.0000769121,0.0000008203,0.0009056814,0.0000000000
0.0954445405,98.0000000000,0.0010000000,0.9998187348,0.0009000856,0.0000099421,0.0031531159,0.0000000000
0.0078231050,99.0833333333,0.0010000000,0.9999851426,0.0000619894,0.0000008149,0.0009027219,0.0000000000
0.0621093687,97.6666666667,0.0010000000,0.9998820439,0.0008156756,0.0000064697,0.0025435656,0.0000000000
0.0078206678,99.0833333333,0.0010000000,0.9999851472,0.0000604913,0.0000008147,0.0009025812,0.0000000000
0.0162081405,98.7500000000,0.0010000000,0.9999692180,0.0003122677,0.0000016883,0.0012993644,0.0000000000
0.0087136336,99.0000000000,0.0010000000,0.9999834513,0.0000961340,0.0000009077,0.0009527173,0.0000000000
0.0185591088,98.5000000000,0.0010000000,0.9999647531,0.0003461793,0.0000019332,0.0013904102,0.0000000000
0.0088801593,99.0000000000,0.0010000000,0.9999831351,0.0000984007,0.0000009250,0.0009617778,0.0000000000
0.0086801695,99.0000000000,0.0010000000,0.9999835149,0.0000809647,0.0000009042,0.0009508861,0.0000000000
0.0086376515,99.0000000000,0.0010000000,0.9999835957,0.0000733763,0.0000008998,0.0009485544,0.0000000000
0.0086263571,99.0000000000,0.0010000000,0.9999836171,0.0000696978,0.0000008986,0.0009479340,0.0000000000
0.0086223702,99.0000000000,0.0010000000,0.9999836247,0.0000678623,0.0000008982,0.0009477149,0.0000000000
0.0086205797,99.0000000000,0.0010000000,0.9999836281,0.0000669555,0.0000008980,0.0009476165,0.0000000000
0.0086196608,99.0000000000,0.0010000000,0.9999836298,0.0000663576,0.0000008979,0.0009475660,0.0000000000
0.0086191627,99.0000000000,0.0010000000,0.9999836308,0.0000659376,0.0000008978,0.0009475386,0.0000000000
0.0206244634,98.5000000000,0.0010000000,0.9999608307,0.0003193090,0.0000021484,0.0014657359,0.0000000000
0.0086376683,99.0000000000,0.0010000000,0.9999835956,0.0000765061,0.0000008998,0.0009485553,0.0000000000
0.0086206316,99.0000000000,0.0010000000,0.9999836280,0.0000674770,0.0000008980,0.0009476194,0.0000000000
0.0086192559,99.0000000000,0.0010000000,0.9999836306,0.0000662556,0.0000008978,0.0009475437,0.0000000000
0.0086188543,99.0000000000,0.0010000000,0.9999836314,0.0000656808,0.0000008978,0.0009475217,0.0000000000
0.0086187042,99.0000000000,0.0010000000,0.9999836316,0.0000653768,0.0000008978,0.0009475134,0.0000000000
0.1562864398,97.6666666667,0.0010000000,0.9997031859,0.0012802044,0.0000162798,0.0040348281,0.0000000000
0.0086221139,99.0000000000,0.0010000000,0.9999836252,0.0000694082,0.0000008981,0.0009477008,0.0000000000
0.0086189518,99.0000000000,0.0010000000,0.9999836312,0.0000659016,0.0000008978,0.0009475270,0.0000000000
0.0086186680,99.0000000000,0.0010000000,0.9999836317,0.0000653150,0.0000008978,0.0009475114,0.0000000000
0.0671556556,97.9166666667,0.0010000000,0.9998724602,0.0007314656,0.0000069954,0.0026448782,0.0000000000
0.0087424441,99.0000000000,0.0010000000,0.9999833966,0.0000961081,0.0000009107,0.0009542910,0.0000000000
0.0078894310,99.0833333333,0.0010000000,0.9999850166,0.0000816004,0.0000008218,0.0009065405,0.0000000000
0.0094586903,98.6666666667,0.0010000000,0.9999820364,0.0001804304,0.0000009853,0.0009926128,0.0000000000
0.3701216946,96.5000000000,0.0010000000,0.9992970769,0.0019872010,0.0000385543,0.0062092144,0.0000000000
0.0078336971,99.0833333333,0.0010000000,0.9999851225,0.0000683934,0.0000008160,0.0009033328,0.0000000000
0.0104107902,98.7500000000,0.0010000000,0.9999802282,0.0001703414,0.0000010845,0.0010413728,0.0000000000
0.0078193869,99.0833333333,0.0010000000,0.9999851497,0.0000587667,0.0000008145,0.0009025073,0.0000000000
0.0154669220,98.5000000000,0.0010000000,0.9999706257,0.0003200414,0.0000016111,0.0012693060,0.0000000000
0.0078190782,99.0833333333,0.0010000000,0.9999851503,0.0000584574,0.0000008145,0.0009024895,0.0000000000
0.0088574125,99.0000000000,0.0010000000,0.9999831783,0.0001460422,0.0000009226,0.0009605452,0.0000000000
0.0078189783,99.0833333333,0.0010000000,0.9999851504,0.0000577876,0.0000008145,0.0009024837,0.0000000000
0.0188228588,98.5833333333,0.0010000000,0.9999642522,0.0003373851,0.0000019607,0.0014002551,0.0000000000
0.0127095297,98.4166666667,0.0010000000,0.9999758625,0.0002684581,0.0000013239,0.0011506126,0.0000000000
0.1013042222,97.6666666667,0.0010000000,0.9998076063,0.0010349357,0.0000105525,0.0032484647,0.0000000000
0.0127055760,98.4166666667,0.0010000000,0.9999758700,0.0002779115,0.0000013235,0.0011504336,0.0000000000
0.0079103159,99.0833333333,0.0010000000,0.9999849770,0.0000814665,0.0000008240,0.0009077396,0.0000000000
0.0103252273,98.6666666667,0.0010000000,0.9999803907,0.0002052580,0.0000010755,0.0010370846,0.0000000000
0.0105382243,98.5833333333,0.0010000000,0.9999799861,0.0002126823,0.0000010977,0.0010477269,0.0000000000
0.0574408906,97.6666666667,0.0010000000,0.9998909101,0.0007795471,0.0000059834,0.0024461043,0.0000000000
0.0269216595,98.5000000000,0.0010000000,0.9999488713,0.0004580363,0.0000028043,0.0016746162,0.0000000000
0.0070491669,99.1666666667,0.0010000000,0.9999866125,0.0000644531,0.0000007343,0.0008569062,0.0000000000
0.1530888169,97.6666666667,0.0010000000,0.9997092587,0.0012471453,0.0000159468,0.0039933384,0.0000000000
0.0078398866,99.0833333333,0.0010000000,0.9999851107,0.0000702441,0.0000008167,0.0009036896,0.0000000000
0.0149381258,98.2500000000,0.0010000000,0.9999716300,0.0003191846,0.0000015561,0.0012474192,0.0000000000
0.0070455492,99.1666666667,0.0010000000,0.9999866193,0.0000622473,0.0000007339,0.0008566863,0.0000000000
0.0127626781,98.4166666667,0.0010000000,0.9999757615,0.0002819432,0.0000013294,0.0011530159,0.0000000000
0.0070205251,99.1666666667,0.0010000000,0.9999866668,0.0000523463,0.0000007313,0.0008551636,0.0000000000
0.0077003561,99.0833333333,0.0010000000,0.9999853757,0.0001218795,0.0000008021,0.0008956118,0.0000000000
0.0106666174,98.5833333333,0.0010000000,0.9999797423,0.0002325372,0.0000011111,0.0010540901,0.0000000000
0.0252926960,97.9166666667,0.0010000000,0.9999519649,0.0004865626,0.0000026347,0.0016231623,0.0000000000
0.2466623531,96.5833333333,0.0010000000,0.9995315468,0.0014106827,0.0000256940,0.0050689245,0.0000000000
0.0076999667,99.1666666667,0.0010000000,0.9999853765,0.0000741041,0.0000008021,0.0008955891,0.0000000000
0.0081524760,99.0000000000,0.0010000000,0.9999845171,0.0001168059,0.0000008492,0.0009215293,0.0000000000
0.0231728387,98.1666666667,0.0010000000,0.9999559909,0.0004330350,0.0000024138,0.0015536529,0.0000000000
0.0081565082,99.0000000000,0.0010000000,0.9999845094,0.0001116026,0.0000008496,0.0009217572,0.0000000000
0.0089606886,99.0000000000,0.0010000000,0.9999829822,0.0001220791,0.0000009334,0.0009661289,0.0000000000
0.0086188593,99.0000000000,0.0010000000,0.9999836313,0.0000659319,0.0000008978,0.0009475219,0.0000000000
0.0856100307,97.6666666667,0.0010000000,0.9998374122,0.0009224132,0.0000089177,0.0029862538,0.0000000000
0.0078209944,99.0833333333,0.0010000000,0.9999851466,0.0000605160,0.0000008147,0.0009026001,0.0000000000
0.0078188199,99.0833333333,0.0010000000,0.9999851508,0.0000576511,0.0000008145,0.0009024746,0.0000000000
0.0088803255,99.0000000000,0.0010000000,0.9999831348,0.0001130307,0.0000009250,0.0009617868,0.0000000000
0.0086191930,99.0000000000,0.0010000000,0.9999836307,0.0000662381,0.0000008978,0.0009475403,0.0000000000
0.0086607270,99.0000000000,0.0010000000,0.9999835518,0.0000841847,0.0000009022,0.0009498205,0.0000000000
0.0071833784,99.0833333333,0.0010000000,0.9999863576,0.0000855372,0.0000007483,0.0008650252,0.0000000000
0.1802196535,97.5000000000,0.0010000000,0.9996577327,0.0013830137,0.0000187729,0.0043327682,0.0000000000
0.0073989446,99.0833333333,0.0010000000,0.9999859482,0.0001086323,0.0000007707,0.0008779085,0.0000000000
0.0246074666,98.0000000000,0.0010000000,0.9999532663,0.0004754654,0.0000025633,0.0016010240,0.0000000000
0.0676351994,98.2500000000,0.0010000000,0.9998715494,0.0007233594,0.0000070453,0.0026543047,0.0000000000
0.0142471812,98.8333333333,0.0010000000,0.9999729422,0.0001326735,0.0000014841,0.0012182288,0.0000000000
0.0137975217,98.9166666667,0.0010000000,0.9999737962,0.0001082510,0.0000014372,0.0011988502,0.0000000000
0.0136841677,98.9166666667,0.0010000000,0.9999740115,0.0000989248,0.0000014254,0.0011939155,0.0000000000
0.0136460004,98.9166666667,0.0010000000,0.9999740840,0.0000939350,0.0000014215,0.0011922493,0.0000000000
0.0136308677,98.9166666667,0.0010000000,0.9999741127,0.0000910436,0.0000014199,0.0011915880,0.0000000000
0.0136242415,98.9166666667,0.0010000000,0.9999741253,0.0000892253,0.0000014192,0.0011912984,0.0000000000
0.0226630986,98.0833333333,0.0010000000,0.9999569590,0.0004398557,0.0000023607,0.0015364698,0.0000000000
0.0086268933,99.0000000000,0.0010000000,0.9999836161,0.0000703262,0.0000008986,0.0009479635,0.0000000000
0.0086216266,99.0000000000,0.0010000000,0.9999836261,0.0000678578,0.0000008981,0.0009476741,0.0000000000
0.0086198573,99.0000000000,0.0010000000,0.9999836294,0.0000666963,0.0000008979,0.0009475768,0.0000000000
0.0099342177,98.5833333333,0.0010000000,0.9999811333,0.0001829860,0.0000010348,0.0010172582,0.0000000000
0.0086599406,99.0000000000,0.0010000000,0.9999835533,0.0000849706,0.0000009021,0.0009497774,0.0000000000
0.0086190025,99.0000000000,0.0010000000,0.9999836311,0.0000659704,0.0000008978,0.0009475298,0.0000000000
0.3457221881,97.0000000000,0.0010000000,0.9993434156,0.0019495887,0.0000360127,0.0060010606,0.0000000000
0.0086337198,99.0000000000,0.0010000000,0.9999836031,0.0000766380,0.0000008993,0.0009483384,0.0000000000
0.0086204140,99.0000000000,0.0010000000,0.9999836284,0.0000689062,0.0000008980,0.0009476074,0.0000000000
0.0079740738,99.0833333333,0.0010000000,0.9999848559,0.0000955239,0.0000008306,0.0009113905,0.0000000000
0.0078487032,99.0833333333,0.0010000000,0.9999850940,0.0000742432,0.0000008176,0.0009041976,0.0000000000
0.0078692425,99.0833333333,0.0010000000,0.9999850550,0.0000774928,0.0000008197,0.0009053799,0.0000000000
0.0078192151,99.0833333333,0.0010000000,0.9999851500,0.0000580910,0.0000008145,0.0009024974,0.0000000000
0.0081573799,99.0833333333,0.0010000000,0.9999845078,0.0001101978,0.0000008497,0.0009218064,0.0000000000
0.0078195715,99.0833333333,0.0010000000,0.9999851493,0.0000588233,0.0000008145,0.0009025180,0.0000000000
0.0078788458,99.0833333333,0.0010000000,0.9999850368,0.0000785526,0.0000008207,0.0009059322,0.0000000000
0.0107039732,98.5833333333,0.0010000000,0.9999796714,0.0002309379,0.0000011150,0.0010559343,0.0000000000
0.0158225518,98.2500000000,0.0010000000,0.9999699503,0.0003357987,0.0000016482,0.0012838156,0.0000000000
0.0145073784,98.6666666667,0.0010000000,0.9999724481,0.0002805976,0.0000015112,0.0012293027,0.0000000000
0.0138594378,98.5000000000,0.0010000000,0.9999736786,0.0002995845,0.0000014437,0.0012015371,0.0000000000
0.0083462221,99.0000000000,0.0010000000,0.9999841491,0.0001193568,0.0000008694,0.0009324152,0.0000000000
0.0079501049,99.0833333333,0.0010000000,0.9999849014,0.0000888978,0.0000008281,0.0009100197,0.0000000000
0.0164234531,98.3333333333,0.0010000000,0.9999688091,0.0003293013,0.0000017108,0.0013079665,0.0000000000
0.0086223085,99.0000000000,0.0010000000,0.9999836248,0.0000692021,0.0000008982,0.0009477115,0.0000000000
0.0086197058,99.0000000000,0.0010000000,0.9999836297,0.0000674864,0.0000008979,0.0009475685,0.0000000000
